"0","## Explore the cellular metadata for the dataset"
"0","dim(colData(sce))"
"1","[1]"
"1"," 11991"
"1","    24"
"1","
"
"0","head(colData(sce))"
"1","DataFrame"
"1",""
"1"," with "
"1",""
"1","6"
"1",""
"1"," row"
"1",""
"1","s"
"1",""
"1"," and "
"1",""
"1","24"
"1",""
"1"," column"
"1",""
"1","s"
"1",""
"1","
"
"1","                       "
"1","  orig.ident"
"1"," nCount_RNA"
"1"," nFeature_RNA"
"1","  seq_folder"
"1","      nUMI"
"1","     nGene"
"1","
                       "
"1"," <character>"
"1","  <numeric>"
"1","    <integer>"
"1"," <character>"
"1"," <numeric>"
"1"," <integer>"
"1","
ana1_AAACGAACAATAAGGT-1"
"1","        ana1"
"1","      60059"
"1","         8131"
"1","       ana_1"
"1","     60067"
"1","      8139"
"1","
ana1_AAACGAATCGCGATCG-1"
"1","        ana1"
"1","       5493"
"1","         2524"
"1","       ana_1"
"1","      5503"
"1","      2534"
"1","
ana1_AAAGAACGTAAGAACT-1"
"1","        ana1"
"1","      26993"
"1","         5559"
"1","       ana_1"
"1","     26997"
"1","      5563"
"1","
ana1_AAAGTCCTCAAGAAAC-1"
"1","        ana1"
"1","      14617"
"1","         4032"
"1","       ana_1"
"1","     14617"
"1","      4032"
"1","
ana1_AAAGTGATCATCGCAA-1"
"1","        ana1"
"1","      22965"
"1","         5178"
"1","       ana_1"
"1","     22971"
"1","      5184"
"1","
ana1_AAATGGACAATAACGA-1"
"1","        ana1"
"1","       1958"
"1","          988"
"1","       ana_1"
"1","      1959"
"1","       989"
"1","
"
"1","                       "
"1"," log10GenesPerUMI"
"1"," mitoRatio"
"1","                  cells"
"1","      sample"
"1","   condition"
"1","
                       "
"1","        <numeric>"
"1"," <numeric>"
"1","            <character>"
"1"," <character>"
"1"," <character>"
"1","
ana1_AAACGAACAATAAGGT-1"
"1","         0.818345"
"1"," 0.0593670"
"1"," ana1_AAACGAACAATAAGG.."
"1","        ana1"
"1","         ana"
"1","
ana1_AAACGAATCGCGATCG-1"
"1","         0.909963"
"1"," 0.1081228"
"1"," ana1_AAACGAATCGCGATC.."
"1","        ana1"
"1","         ana"
"1","
ana1_AAAGAACGTAAGAACT-1"
"1","         0.845191"
"1"," 0.0154091"
"1"," ana1_AAAGAACGTAAGAAC.."
"1","        ana1"
"1","         ana"
"1","
ana1_AAAGTCCTCAAGAAAC-1"
"1","         0.865701"
"1"," 0.0455634"
"1"," ana1_AAAGTCCTCAAGAAA.."
"1","        ana1"
"1","         ana"
"1","
ana1_AAAGTGATCATCGCAA-1"
"1","         0.851757"
"1"," 0.0623830"
"1"," ana1_AAAGTGATCATCGCA.."
"1","        ana1"
"1","         ana"
"1","
ana1_AAATGGACAATAACGA-1"
"1","         0.909831"
"1"," 0.0413476"
"1"," ana1_AAATGGACAATAACG.."
"1","        ana1"
"1","         ana"
"1","
"
"1","                       "
"1","      S.Score"
"1","   G2M.Score"
"1","       Phase"
"1","      mitoFr"
"1"," nCount_SCT"
"1"," nFeature_SCT"
"1","
                       "
"1","    <numeric>"
"1","   <numeric>"
"1"," <character>"
"1"," <character>"
"1","  <numeric>"
"1","    <integer>"
"1","
ana1_AAACGAACAATAAGGT-1"
"1"," -0.013330295"
"1","  0.00129418"
"1","         G2M"
"1","      Medium"
"1","      16291"
"1","         5082"
"1","
ana1_AAACGAATCGCGATCG-1"
"1"," -0.035499019"
"1","  0.08459593"
"1","         G2M"
"1","        High"
"1","      14151"
"1","         3424"
"1","
ana1_AAAGAACGTAAGAACT-1"
"1"," -0.021030658"
"1","  0.01546328"
"1","         G2M"
"1","         Low"
"1","      16906"
"1","         5103"
"1","
ana1_AAAGTCCTCAAGAAAC-1"
"1"," -0.000208449"
"1"," -0.05444009"
"1","          G1"
"1","         Low"
"1","      15236"
"1","         4027"
"1","
ana1_AAAGTGATCATCGCAA-1"
"1","  0.012587490"
"1"," -0.03024796"
"1","           S"
"1","      Medium"
"1","      16621"
"1","         5096"
"1","
ana1_AAATGGACAATAACGA-1"
"1"," -0.037858737"
"1"," -0.00703279"
"1","          G1"
"1","         Low"
"1","      14163"
"1","         3464"
"1","
"
"1","                       "
"1"," integrated_snn_res.0.4"
"1"," integrated_snn_res.0.6"
"1"," integrated_snn_res.0.8"
"1","
                       "
"1","               <factor>"
"1","               <factor>"
"1","               <factor>"
"1","
ana1_AAACGAACAATAAGGT-1"
"1","                      4"
"1","                      3"
"1","                      7"
"1","
ana1_AAACGAATCGCGATCG-1"
"1","                      5"
"1","                      5"
"1","                      6"
"1","
ana1_AAAGAACGTAAGAACT-1"
"1","                      2"
"1","                      2"
"1","                      4"
"1","
ana1_AAAGTCCTCAAGAAAC-1"
"1","                      2"
"1","                      2"
"1","                      4"
"1","
ana1_AAAGTGATCATCGCAA-1"
"1","                      1"
"1","                      0"
"1","                      0"
"1","
ana1_AAATGGACAATAACGA-1"
"1","                      8"
"1","                      9"
"1","                      9"
"1","
"
"1","                       "
"1"," integrated_snn_res.1"
"1"," integrated_snn_res.1.4"
"1"," seurat_clusters"
"1"," cluster_id"
"1","
                       "
"1","             <factor>"
"1","               <factor>"
"1","        <factor>"
"1","   <factor>"
"1","
ana1_AAACGAACAATAAGGT-1"
"1","                   5 "
"1","                     14"
"1","              14"
"1","  Ciliated "
"1","
ana1_AAACGAATCGCGATCG-1"
"1","                   17"
"1","                     19"
"1","              19"
"1","  Ciliated "
"1","
ana1_AAAGAACGTAAGAACT-1"
"1","                   3 "
"1","                     3 "
"1","              3 "
"1","  Basal    "
"1","
ana1_AAAGTCCTCAAGAAAC-1"
"1","                   3 "
"1","                     3 "
"1","              3 "
"1","  Basal    "
"1","
ana1_AAAGTGATCATCGCAA-1"
"1","                   1 "
"1","                     2 "
"1","              2 "
"1","  Secretory"
"1","
ana1_AAATGGACAATAACGA-1"
"1","                   10"
"1","                     9 "
"1","              9 "
"1","  Unknown  "
"1","
"
