"0","# Explore the raw counts for the dataset"
"0",""
"0","## Check the assays present"
"0","assays(sce)"
"1","List"
"1",""
"1"," of length "
"1",""
"1","1"
"1",""
"1","
"
"1","names(1): counts
"
"0","## Explore the raw counts for the dataset"
"0","dim(counts(sce))"
"1","[1]"
"1"," 21054"
"1"," 11991"
"1","
"
"0","counts(sce)[1:6, 1:6]"
"1","6 x 6 sparse Matrix of class ""dgCMatrix""
"
"1","          "
"1"," ana1_AAACGAACAATAAGGT-1"
"1"," ana1_AAACGAATCGCGATCG-1"
"1"," ana1_AAAGAACGTAAGAACT-1"
"1","
AL627309.1"
"1","                       ."
"1","                       ."
"1","                       1"
"1","
AL627309.3"
"1","                       ."
"1","                       ."
"1","                       ."
"1","
AL627309.5"
"1","                       ."
"1","                       ."
"1","                       ."
"1","
AL627309.4"
"1","                       ."
"1","                       ."
"1","                       ."
"1","
LINC01409 "
"1","                       ."
"1","                       ."
"1","                       ."
"1","
FAM87B    "
"1","                       ."
"1","                       ."
"1","                       ."
"1","
"
"1","          "
"1"," ana1_AAAGTCCTCAAGAAAC-1"
"1"," ana1_AAAGTGATCATCGCAA-1"
"1"," ana1_AAATGGACAATAACGA-1"
"1","
AL627309.1"
"1","                       ."
"1","                       ."
"1","                       ."
"1","
AL627309.3"
"1","                       ."
"1","                       ."
"1","                       ."
"1","
AL627309.5"
"1","                       ."
"1","                       ."
"1","                       ."
"1","
AL627309.4"
"1","                       ."
"1","                       ."
"1","                       ."
"1","
LINC01409 "
"1","                       ."
"1","                       ."
"1","                       ."
"1","
FAM87B    "
"1","                       ."
"1","                       ."
"1","                       ."
"1","
"
